model,condition,mode,communication,philosophers,episodes,deadlock_rate,avg_throughput,avg_fairness,avg_time_to_deadlock,avg_starvation_count,total_deadlock_events,message_action_consistency,total_tokens,avg_latency_ms,runtime_seconds,dpbench_version
llama-4-maverick,seq_n5_nocomm,sequential,False,5,30,0.0,0.09333333333333331,0.9094444444444445,,2.3,0,,922062,2489.5146521665934,1541.375888,0.2.0
llama-4-maverick,sim_n10_nocomm,simultaneous,False,10,30,0.16666666666666666,0.8348484848484848,0.7303226929340928,3.0,1.9333333333333333,0,,2990105,3079.0231417782234,23566.030402,0.2.0
llama-4-maverick,sim_n5_comm,simultaneous,True,5,30,0.9333333333333333,0.09156819026384243,0.9438904450669157,2.7142857142857144,4.3,0,86.89320388349515,343393,3267.8383224994723,2223.855916,0.2.0
llama-4-maverick,sim_n5_nocomm,simultaneous,False,5,30,0.7666666666666667,0.2705195729448657,0.8422585978835978,6.217391304347826,2.933333333333333,0,,682469,2774.0129009062007,4899.527705,0.2.0
