{
  "model": "claude-opus-4.5",
  "condition": "seq5nc",
  "model_id": "claude-opus-4-5-20251101",
  "provider": "anthropic",
  "philosophers": 5,
  "mode": "sequential",
  "communication": false,
  "episodes": 20,
  "max_timesteps": 30,
  "seed": 42,
  "temperature": 0.7,
  "runtime_seconds": 1555.800864,
  "timestamp": "2026-01-27T01:25:31.306497",
  "num_episodes": 20,
  "deadlock_rate": 0.6,
  "deadlock_count": 12,
  "avg_throughput": 0.07833333333333334,
  "std_throughput": 0.09676718911329858,
  "avg_fairness": 0.8901190476190475,
  "std_fairness": 0.16444311817660928,
  "avg_time_to_deadlock": 5.0,
  "avg_starvation_count": 3.2,
  "std_starvation_count": 2.2271057451320084,
  "avg_timesteps": 15.0,
  "std_timesteps": 12.24744871391589,
  "total_llm_calls": 1100,
  "avg_latency_ms": 5118.735425909399,
  "std_latency_ms": 1359.6852568345046,
  "min_latency_ms": 3141.148400027305,
  "max_latency_ms": 9943.007400026545,
  "total_tokens_in": 361847,
  "avg_tokens_in": 328.95181818181817,
  "total_tokens_out": 167407,
  "avg_tokens_out": 152.18818181818182,
  "total_tokens": 529254
}