{
  "model": "gemini-2.5-flash",
  "condition": "prompt_symmetry_breaking",
  "philosophers": 5,
  "mode": "simultaneous",
  "communication": false,
  "episodes": 20,
  "runtime_seconds": 2829.068675,
  "timestamp": "2026-04-03T18:06:07.709608",
  "dpbench_version": "0.2.0",
  "num_episodes": 20,
  "deadlock_rate": 0.0,
  "deadlock_count": 0,
  "total_deadlock_events": 0,
  "avg_deadlock_events": 0.0,
  "avg_throughput": 0.275,
  "std_throughput": 0.10998737301264278,
  "avg_fairness": 0.511701146076146,
  "std_fairness": 0.19239754550684063,
  "avg_time_to_deadlock": null,
  "avg_starvation_count": 1.25,
  "std_starvation_count": 1.2599603168354152,
  "avg_timesteps": 30.0,
  "std_timesteps": 0.0,
  "total_llm_calls": 3000,
  "avg_latency_ms": 941.5910077659258,
  "std_latency_ms": 289.36699734337355,
  "min_latency_ms": 474.24240002874285,
  "max_latency_ms": 7738.271999987774,
  "total_tokens_in": 1105418,
  "avg_tokens_in": 368.47266666666667,
  "total_tokens_out": 183548,
  "avg_tokens_out": 61.18266666666667,
  "total_tokens": 1288966
}