{
  "model": "claude-opus-4.5",
  "condition": "seq5c",
  "model_id": "claude-opus-4-5-20251101",
  "provider": "anthropic",
  "philosophers": 5,
  "mode": "sequential",
  "communication": true,
  "episodes": 20,
  "max_timesteps": 30,
  "seed": 42,
  "temperature": 0.7,
  "runtime_seconds": 3455.233568,
  "timestamp": "2026-01-27T01:51:27.130246",
  "num_episodes": 20,
  "deadlock_rate": 0.0,
  "deadlock_count": 0,
  "avg_throughput": 0.1866666666666667,
  "std_throughput": 0.019436506316151007,
  "avg_fairness": 0.7291666666666667,
  "std_fairness": 0.13037073205968355,
  "avg_time_to_deadlock": null,
  "avg_starvation_count": 0.5,
  "std_starvation_count": 0.5,
  "avg_timesteps": 30.0,
  "std_timesteps": 0.0,
  "message_action_consistency": 45.732484076433124,
  "total_llm_calls": 2600,
  "avg_latency_ms": 5781.680146730528,
  "std_latency_ms": 1398.7813361215512,
  "min_latency_ms": 3619.019300036598,
  "max_latency_ms": 10718.145099992398,
  "total_tokens_in": 1223504,
  "avg_tokens_in": 470.5784615384615,
  "total_tokens_out": 483491,
  "avg_tokens_out": 185.95807692307693,
  "total_tokens": 1706995
}