source_dir,model,condition_canonical,condition_original,prompt_variant,mode,communication,philosophers,episodes,max_timesteps,temperature,memory_window,communication_rounds,deadlock_terminal,deadlock_rate,deadlock_count,deadlock_ci_low,deadlock_ci_high,avg_throughput,std_throughput,throughput_ci_half,avg_fairness,std_fairness,fairness_ci_half,avg_starvation_count,avg_time_to_deadlock,avg_timesteps,total_deadlock_events,message_action_consistency,total_llm_calls,avg_latency_ms,total_tokens_in,total_tokens_out,total_tokens,runtime_seconds,dpbench_version
v0.2.0_20260330_100459,gemini-2.5-flash,sim_n5_nocomm,sim_n5_nocomm,default,simultaneous,False,5,30,,,0,0,True,0.9,27,0.7437855868473339,0.9654007400402839,0.14587757708447363,0.23276832505957362,0.08691712102014904,0.8296785161432995,0.2846794752431169,0.10630106306485547,3.966666666666667,4.111111111111111,6.7,0,,1005,1687.5119103482502,305729,61067,366796,1698.692512,0.2.0
v0.2.0_20260406_200140,gemini-2.5-flash,memory_3,memory_3,default,simultaneous,False,5,20,,,3,0,True,0.85,17,0.6395767041130426,0.9476322080405041,0.14625,0.2549029635632613,0.11929825918673816,0.8957401315789474,0.19817345346215182,0.09274803119027455,3.95,1.8235294117647058,6.05,0,,605,1040.6761593404726,281518,40356,321874,630.598885,0.2.0
v0.2.0_20260406_200140,gemini-2.5-flash,memory_3_with_comm,memory_3_with_comm,default,simultaneous,True,5,20,,,3,1,True,0.8,16,0.5839782779742401,0.9193436467288,0.16833333333333333,0.2585160644052039,0.12098924243261525,0.9317363261093912,0.12831861192300653,0.06005495899177393,3.6,3.125,8.5,0,63.38028169014085,850,1744.70404082334,504586,99637,604223,1484.94309,0.2.0
v0.2.0_20260406_200140,gemini-2.5-flash,memory_5,memory_5,default,simultaneous,False,5,20,,,5,0,True,0.9,18,0.6989617935882066,0.9721341060158468,0.2722219085262564,0.27740953541107816,0.12983165905064142,0.7555608974358974,0.278938281918377,0.1305471344398214,3.15,7.944444444444445,10.15,0,,1015,1044.140137338052,581775,64646,646421,1061.342164,0.2.0
