{
  "model": "random",
  "condition": "sim_n5_comm",
  "philosophers": 5,
  "mode": "simultaneous",
  "communication": true,
  "episodes": 30,
  "runtime_seconds": 4.373844,
  "timestamp": "2026-03-30T10:01:12.309345",
  "dpbench_version": "0.2.0",
  "num_episodes": 30,
  "deadlock_rate": 0.06666666666666667,
  "deadlock_count": 2,
  "total_deadlock_events": 0,
  "avg_deadlock_events": 0.0,
  "avg_throughput": 0.31922558922558936,
  "std_throughput": 0.07199806674979647,
  "avg_fairness": 0.6711328486328487,
  "std_fairness": 0.16036846440231375,
  "avg_time_to_deadlock": 15.5,
  "avg_starvation_count": 0.5666666666666667,
  "std_starvation_count": 0.7608474807008885,
  "avg_timesteps": 29.033333333333335,
  "std_timesteps": 3.987341080079417,
  "message_action_consistency": null,
  "total_llm_calls": 4355,
  "avg_latency_ms": 0.003299379864831623,
  "std_latency_ms": 0.004674451044739137,
  "min_latency_ms": 0.000900006853044033,
  "max_latency_ms": 0.17270000535063446
}