{
  "model": "gemini-2.5-flash",
  "condition": "memory_3_with_comm",
  "philosophers": 5,
  "mode": "simultaneous",
  "communication": true,
  "episodes": 20,
  "runtime_seconds": 1484.94309,
  "timestamp": "2026-04-07T00:56:10.531080",
  "dpbench_version": "0.2.0",
  "num_episodes": 20,
  "deadlock_rate": 0.8,
  "deadlock_count": 16,
  "total_deadlock_events": 0,
  "avg_deadlock_events": 0.0,
  "avg_throughput": 0.16833333333333333,
  "std_throughput": 0.2585160644052039,
  "avg_fairness": 0.9317363261093912,
  "std_fairness": 0.12831861192300653,
  "avg_time_to_deadlock": 3.125,
  "avg_starvation_count": 3.6,
  "std_starvation_count": 2.177154105707724,
  "avg_timesteps": 8.5,
  "std_timesteps": 12.459935794377111,
  "message_action_consistency": 63.38028169014085,
  "total_llm_calls": 850,
  "avg_latency_ms": 1744.70404082334,
  "std_latency_ms": 1570.8432677608978,
  "min_latency_ms": 530.8528000023216,
  "max_latency_ms": 14007.674199994653,
  "total_tokens_in": 504586,
  "avg_tokens_in": 593.6305882352941,
  "total_tokens_out": 99637,
  "avg_tokens_out": 117.22,
  "total_tokens": 604223
}