{
  "model": "gemini-2.5-flash",
  "condition": "sim_n10_nocomm",
  "philosophers": 10,
  "mode": "simultaneous",
  "communication": false,
  "episodes": 30,
  "runtime_seconds": 14414.249726,
  "timestamp": "2026-03-30T11:10:59.706676",
  "dpbench_version": "0.2.0",
  "num_episodes": 30,
  "deadlock_rate": 0.1,
  "deadlock_count": 3,
  "total_deadlock_events": 0,
  "avg_deadlock_events": 0.0,
  "avg_throughput": 1.1107114624505927,
  "std_throughput": 0.21864991229911268,
  "avg_fairness": 0.6601851766476644,
  "std_fairness": 0.09277509445671332,
  "avg_time_to_deadlock": 15.333333333333334,
  "avg_starvation_count": 1.0333333333333334,
  "std_starvation_count": 1.7603661235347858,
  "avg_timesteps": 28.533333333333335,
  "std_timesteps": 5.44507932806207,
  "total_llm_calls": 8560,
  "avg_latency_ms": 1682.431588983924,
  "std_latency_ms": 6741.106179442041,
  "min_latency_ms": 494.716100016376,
  "max_latency_ms": 602282.9514000041,
  "total_tokens_in": 2613972,
  "avg_tokens_in": 305.37056074766355,
  "total_tokens_out": 568135,
  "avg_tokens_out": 66.37091121495327,
  "total_tokens": 3182107
}