{
  "model": "llama-4-maverick",
  "condition": "seq_n5_nocomm",
  "philosophers": 5,
  "mode": "sequential",
  "communication": false,
  "episodes": 30,
  "runtime_seconds": 1541.375888,
  "timestamp": "2026-03-31T02:22:44.569290",
  "dpbench_version": "0.2.0",
  "num_episodes": 30,
  "deadlock_rate": 0.0,
  "deadlock_count": 0,
  "total_deadlock_events": 0,
  "avg_deadlock_events": 0.0,
  "avg_throughput": 0.09333333333333331,
  "std_throughput": 0.077650689820694,
  "avg_fairness": 0.9094444444444445,
  "std_fairness": 0.13407317883883646,
  "avg_time_to_deadlock": null,
  "avg_starvation_count": 2.3,
  "std_starvation_count": 2.238302928559939,
  "avg_timesteps": 20.0,
  "std_timesteps": 12.24744871391589,
  "total_llm_calls": 2400,
  "avg_latency_ms": 2489.5146521665934,
  "std_latency_ms": 1700.09384192688,
  "min_latency_ms": 624.9480000115,
  "max_latency_ms": 11636.51270000264,
  "total_tokens_in": 733640,
  "avg_tokens_in": 305.68333333333334,
  "total_tokens_out": 188422,
  "avg_tokens_out": 78.50916666666667,
  "total_tokens": 922062
}