{
  "model": "gemini-2.5-flash",
  "condition": "seq_n5_nocomm",
  "philosophers": 5,
  "mode": "sequential",
  "communication": false,
  "episodes": 30,
  "runtime_seconds": 661.56609,
  "timestamp": "2026-03-30T15:11:14.086569",
  "dpbench_version": "0.2.0",
  "num_episodes": 30,
  "deadlock_rate": 0.0,
  "deadlock_count": 0,
  "total_deadlock_events": 0,
  "avg_deadlock_events": 0.0,
  "avg_throughput": 0.056666666666666664,
  "std_throughput": 0.06619276003825102,
  "avg_fairness": 0.7461111111111112,
  "std_fairness": 0.3188574316656193,
  "avg_time_to_deadlock": null,
  "avg_starvation_count": 3.7333333333333334,
  "std_starvation_count": 1.5260697523012796,
  "avg_timesteps": 15.5,
  "std_timesteps": 12.134661099511597,
  "total_llm_calls": 1725,
  "avg_latency_ms": 1512.7558373915626,
  "std_latency_ms": 1575.1787683019832,
  "min_latency_ms": 538.3791000058409,
  "max_latency_ms": 10104.526899987832,
  "total_tokens_in": 524970,
  "avg_tokens_in": 304.3304347826087,
  "total_tokens_out": 103670,
  "avg_tokens_out": 60.09855072463768,
  "total_tokens": 628640
}