{
  "model": "gemini-2.5-flash",
  "condition": "sim_n5_comm",
  "philosophers": 5,
  "mode": "simultaneous",
  "communication": true,
  "episodes": 30,
  "runtime_seconds": 2260.539032,
  "timestamp": "2026-03-30T10:33:19.013696",
  "dpbench_version": "0.2.0",
  "num_episodes": 30,
  "deadlock_rate": 0.8666666666666667,
  "deadlock_count": 26,
  "total_deadlock_events": 0,
  "avg_deadlock_events": 0.0,
  "avg_throughput": 0.14102707749766571,
  "std_throughput": 0.22253350605820668,
  "avg_fairness": 0.8822807017543859,
  "std_fairness": 0.22548930101962783,
  "avg_time_to_deadlock": 3.0,
  "avg_starvation_count": 3.8333333333333335,
  "std_starvation_count": 1.881193474602995,
  "avg_timesteps": 6.6,
  "std_timesteps": 10.094883192324055,
  "message_action_consistency": 70.55555555555556,
  "total_llm_calls": 990,
  "avg_latency_ms": 2280.2786022226555,
  "std_latency_ms": 2211.2613221020674,
  "min_latency_ms": 590.7689000014216,
  "max_latency_ms": 20631.524399999762,
  "total_tokens_in": 406838,
  "avg_tokens_in": 410.94747474747476,
  "total_tokens_out": 98503,
  "avg_tokens_out": 99.4979797979798,
  "total_tokens": 505341
}