{
  "model": "llama-4-maverick",
  "condition": "sim_n5_comm",
  "philosophers": 5,
  "mode": "simultaneous",
  "communication": true,
  "episodes": 30,
  "runtime_seconds": 2223.855916,
  "timestamp": "2026-03-30T19:12:54.604571",
  "dpbench_version": "0.2.0",
  "num_episodes": 30,
  "deadlock_rate": 0.9333333333333333,
  "deadlock_count": 28,
  "total_deadlock_events": 0,
  "avg_deadlock_events": 0.0,
  "avg_throughput": 0.09156819026384243,
  "std_throughput": 0.20701815131180837,
  "avg_fairness": 0.9438904450669157,
  "std_fairness": 0.13407820222808825,
  "avg_time_to_deadlock": 2.7142857142857144,
  "avg_starvation_count": 4.3,
  "std_starvation_count": 1.5737428845483834,
  "avg_timesteps": 4.533333333333333,
  "std_timesteps": 8.429050295785931,
  "message_action_consistency": 86.89320388349515,
  "total_llm_calls": 680,
  "avg_latency_ms": 3267.8383224994723,
  "std_latency_ms": 2736.4328355319285,
  "min_latency_ms": 736.1737999599427,
  "max_latency_ms": 39143.76079995418,
  "total_tokens_in": 277381,
  "avg_tokens_in": 407.91323529411767,
  "total_tokens_out": 66012,
  "avg_tokens_out": 97.0764705882353,
  "total_tokens": 343393
}