{
  "model": "llama-4-maverick",
  "condition": "sim_n10_nocomm",
  "philosophers": 10,
  "mode": "simultaneous",
  "communication": false,
  "episodes": 30,
  "runtime_seconds": 23566.030402,
  "timestamp": "2026-03-30T19:49:58.501195",
  "dpbench_version": "0.2.0",
  "num_episodes": 30,
  "deadlock_rate": 0.16666666666666666,
  "deadlock_count": 5,
  "total_deadlock_events": 0,
  "avg_deadlock_events": 0.0,
  "avg_throughput": 0.8348484848484848,
  "std_throughput": 0.3533189092123133,
  "avg_fairness": 0.7303226929340928,
  "std_fairness": 0.14505756695652636,
  "avg_time_to_deadlock": 3.0,
  "avg_starvation_count": 1.9333333333333333,
  "std_starvation_count": 3.345976024354561,
  "avg_timesteps": 25.5,
  "std_timesteps": 10.19395245558202,
  "total_llm_calls": 7650,
  "avg_latency_ms": 3079.0231417782234,
  "std_latency_ms": 2956.876045530755,
  "min_latency_ms": 577.7342999936081,
  "max_latency_ms": 149088.0592999747,
  "total_tokens_in": 2338845,
  "avg_tokens_in": 305.7313725490196,
  "total_tokens_out": 651260,
  "avg_tokens_out": 85.13202614379085,
  "total_tokens": 2990105
}