{
  "model": "claude-opus-4.5",
  "condition": "sim5nc",
  "model_id": "claude-opus-4-5-20251101",
  "provider": "anthropic",
  "philosophers": 5,
  "mode": "simultaneous",
  "communication": false,
  "episodes": 20,
  "max_timesteps": 30,
  "seed": 42,
  "temperature": 0.7,
  "runtime_seconds": 2829.096978,
  "timestamp": "2026-01-26T23:40:54.046530",
  "num_episodes": 20,
  "deadlock_rate": 0.55,
  "deadlock_count": 11,
  "avg_throughput": 0.4549412809412809,
  "std_throughput": 0.16633785957255978,
  "avg_fairness": 0.6188698107448106,
  "std_fairness": 0.17994979252633073,
  "avg_time_to_deadlock": 12.727272727272727,
  "avg_starvation_count": 1.4,
  "std_starvation_count": 1.3928388277184118,
  "avg_timesteps": 20.5,
  "std_timesteps": 10.423531071570709,
  "total_llm_calls": 2050,
  "avg_latency_ms": 5245.46065229224,
  "std_latency_ms": 1356.092754560358,
  "min_latency_ms": 2860.3074999991804,
  "max_latency_ms": 18513.439600006677,
  "total_tokens_in": 673932,
  "avg_tokens_in": 328.74731707317073,
  "total_tokens_out": 326123,
  "avg_tokens_out": 159.08439024390245,
  "total_tokens": 1000055
}