{
  "model": "gemini-2.5-flash",
  "condition": "comm_rounds_5",
  "philosophers": 5,
  "mode": "simultaneous",
  "communication": true,
  "episodes": 20,
  "runtime_seconds": 9853.733133,
  "timestamp": "2026-04-06T22:11:56.792066",
  "dpbench_version": "0.2.0",
  "num_episodes": 20,
  "deadlock_rate": 0.05,
  "deadlock_count": 1,
  "total_deadlock_events": 0,
  "avg_deadlock_events": 0.0,
  "avg_throughput": 0.5316666666666666,
  "std_throughput": 0.12757350822173075,
  "avg_fairness": 0.6406619797041623,
  "std_fairness": 0.14677814482440807,
  "avg_time_to_deadlock": 1.0,
  "avg_starvation_count": 0.5,
  "std_starvation_count": 1.118033988749895,
  "avg_timesteps": 28.55,
  "std_timesteps": 6.320403468133976,
  "message_action_consistency": 75.82857142857144,
  "total_llm_calls": 2855,
  "avg_latency_ms": 1890.1755680204508,
  "std_latency_ms": 11308.028652144767,
  "min_latency_ms": 538.1383000640199,
  "max_latency_ms": 602136.606899905,
  "total_tokens_in": 1291972,
  "avg_tokens_in": 452.5295971978984,
  "total_tokens_out": 408717,
  "avg_tokens_out": 143.1583187390543,
  "total_tokens": 1700689
}