{
  "model": "gemini-2.5-flash",
  "condition": "memory_3",
  "philosophers": 5,
  "mode": "simultaneous",
  "communication": false,
  "episodes": 20,
  "runtime_seconds": 630.598885,
  "timestamp": "2026-04-06T20:01:41.196995",
  "dpbench_version": "0.2.0",
  "num_episodes": 20,
  "deadlock_rate": 0.85,
  "deadlock_count": 17,
  "total_deadlock_events": 0,
  "avg_deadlock_events": 0.0,
  "avg_throughput": 0.14625,
  "std_throughput": 0.2549029635632613,
  "avg_fairness": 0.8957401315789474,
  "std_fairness": 0.19817345346215182,
  "avg_time_to_deadlock": 1.8235294117647058,
  "avg_starvation_count": 3.95,
  "std_starvation_count": 1.8834808201837365,
  "avg_timesteps": 6.05,
  "std_timesteps": 10.27363129570066,
  "total_llm_calls": 605,
  "avg_latency_ms": 1040.6761593404726,
  "std_latency_ms": 552.4034893598907,
  "min_latency_ms": 500.242100097239,
  "max_latency_ms": 5937.146999989636,
  "total_tokens_in": 281518,
  "avg_tokens_in": 465.3190082644628,
  "total_tokens_out": 40356,
  "avg_tokens_out": 66.70413223140496,
  "total_tokens": 321874
}