model,condition,mode,communication,philosophers,episodes,deadlock_rate,avg_throughput,avg_fairness,avg_time_to_deadlock,avg_starvation_count,total_deadlock_events,message_action_consistency,total_tokens,avg_latency_ms,runtime_seconds,dpbench_version
gemini-2.5-flash,seq_n5_nocomm,sequential,False,5,30,0.0,0.056666666666666664,0.7461111111111112,,3.7333333333333334,0,,628640,1512.7558373915626,661.56609,0.2.0
gemini-2.5-flash,sim_n10_nocomm,simultaneous,False,10,30,0.1,1.1107114624505927,0.6601851766476644,15.333333333333334,1.0333333333333334,0,,3182107,1682.431588983924,14414.249726,0.2.0
gemini-2.5-flash,sim_n5_comm,simultaneous,True,5,30,0.8666666666666667,0.14102707749766571,0.8822807017543859,3.0,3.8333333333333335,0,70.55555555555556,505341,2280.2786022226555,2260.539032,0.2.0
gemini-2.5-flash,sim_n5_nocomm,simultaneous,False,5,30,0.9,0.14587757708447363,0.8296785161432995,4.111111111111111,3.966666666666667,0,,366796,1687.5119103482502,1698.692512,0.2.0
