{
  "model": "grok-4.1",
  "condition": "seq5nc",
  "model_id": "grok-4-1-fast-reasoning",
  "provider": "xai",
  "philosophers": 5,
  "mode": "sequential",
  "communication": false,
  "episodes": 20,
  "max_timesteps": 30,
  "seed": 42,
  "temperature": 0.7,
  "runtime_seconds": 4902.00643,
  "timestamp": "2026-01-27T06:39:49.562450",
  "num_episodes": 20,
  "deadlock_rate": 0.25,
  "deadlock_count": 5,
  "avg_throughput": 0.11166666666666669,
  "std_throughput": 0.07092640943651071,
  "avg_fairness": 0.6545833333333333,
  "std_fairness": 0.29558645802314204,
  "avg_time_to_deadlock": 5.0,
  "avg_starvation_count": 2.35,
  "std_starvation_count": 1.7399712641305316,
  "avg_timesteps": 23.75,
  "std_timesteps": 10.825317547305483,
  "total_llm_calls": 1975,
  "avg_latency_ms": 9989.190211948831,
  "std_latency_ms": 6312.125111104265,
  "min_latency_ms": 1317.9736000020057,
  "max_latency_ms": 39789.567600004375,
  "total_tokens_in": 867921,
  "avg_tokens_in": 439.45367088607594,
  "total_tokens_out": 98580,
  "avg_tokens_out": 49.913924050632914,
  "total_tokens": 966501
}