{
  "model": "random",
  "condition": "sim_n10_nocomm",
  "philosophers": 10,
  "mode": "simultaneous",
  "communication": false,
  "episodes": 30,
  "runtime_seconds": 5.856902,
  "timestamp": "2026-03-30T10:01:16.688177",
  "dpbench_version": "0.2.0",
  "num_episodes": 30,
  "deadlock_rate": 0.0,
  "deadlock_count": 0,
  "total_deadlock_events": 0,
  "avg_deadlock_events": 0.0,
  "avg_throughput": 0.5911111111111111,
  "std_throughput": 0.11415821812481175,
  "avg_fairness": 0.6296820099136848,
  "std_fairness": 0.09114044156127087,
  "avg_time_to_deadlock": null,
  "avg_starvation_count": 1.1666666666666667,
  "std_starvation_count": 0.8595864638818418,
  "avg_timesteps": 30.0,
  "std_timesteps": 0.0,
  "total_llm_calls": 9000,
  "avg_latency_ms": 0.00276525553716864,
  "std_latency_ms": 0.007315910943790052,
  "min_latency_ms": 0.0007999769877642393,
  "max_latency_ms": 0.42940001003444195
}