{
  "model": "llama-4-maverick",
  "condition": "sim_n5_nocomm",
  "philosophers": 5,
  "mode": "simultaneous",
  "communication": false,
  "episodes": 30,
  "runtime_seconds": 4899.527705,
  "timestamp": "2026-03-30T17:51:15.032652",
  "dpbench_version": "0.2.0",
  "num_episodes": 30,
  "deadlock_rate": 0.7666666666666667,
  "deadlock_count": 23,
  "total_deadlock_events": 0,
  "avg_deadlock_events": 0.0,
  "avg_throughput": 0.2705195729448657,
  "std_throughput": 0.29366160294046645,
  "avg_fairness": 0.8422585978835978,
  "std_fairness": 0.18392743788879012,
  "avg_time_to_deadlock": 6.217391304347826,
  "avg_starvation_count": 2.933333333333333,
  "std_starvation_count": 2.2499382707581606,
  "avg_timesteps": 11.766666666666667,
  "std_timesteps": 12.613969328574658,
  "total_llm_calls": 1765,
  "avg_latency_ms": 2774.0129009062007,
  "std_latency_ms": 2117.0510624537756,
  "min_latency_ms": 590.3751999721862,
  "max_latency_ms": 27739.092600008007,
  "total_tokens_in": 539442,
  "avg_tokens_in": 305.6328611898017,
  "total_tokens_out": 143027,
  "avg_tokens_out": 81.03512747875354,
  "total_tokens": 682469
}