{
  "model": "random",
  "condition": "seq_n5_nocomm",
  "philosophers": 5,
  "mode": "sequential",
  "communication": false,
  "episodes": 30,
  "runtime_seconds": 1.742213,
  "timestamp": "2026-03-30T10:01:22.551827",
  "dpbench_version": "0.2.0",
  "num_episodes": 30,
  "deadlock_rate": 0.0,
  "deadlock_count": 0,
  "total_deadlock_events": 0,
  "avg_deadlock_events": 0.0,
  "avg_throughput": 0.04777777777777779,
  "std_throughput": 0.03818408950542129,
  "avg_fairness": 0.42083333333333334,
  "std_fairness": 0.3879477699668117,
  "avg_time_to_deadlock": null,
  "avg_starvation_count": 3.6333333333333333,
  "std_starvation_count": 1.0796089827134432,
  "avg_timesteps": 28.5,
  "std_timesteps": 5.024937810560445,
  "total_llm_calls": 3675,
  "avg_latency_ms": 0.0045378228291539716,
  "std_latency_ms": 0.004679419897531236,
  "min_latency_ms": 0.0013999815564602613,
  "max_latency_ms": 0.08910000906325877
}