{
  "model": "claude-opus-4.5",
  "condition": "sim5c",
  "model_id": "claude-opus-4-5-20251101",
  "provider": "anthropic",
  "philosophers": 5,
  "mode": "simultaneous",
  "communication": true,
  "episodes": 20,
  "max_timesteps": 30,
  "seed": 42,
  "temperature": 0.7,
  "runtime_seconds": 3447.938154,
  "timestamp": "2026-01-27T00:28:03.350759",
  "num_episodes": 20,
  "deadlock_rate": 0.6,
  "deadlock_count": 12,
  "avg_throughput": 0.554222575669944,
  "std_throughput": 0.138935757538418,
  "avg_fairness": 0.7174425647451963,
  "std_fairness": 0.13267973606522487,
  "avg_time_to_deadlock": 15.666666666666666,
  "avg_starvation_count": 0.65,
  "std_starvation_count": 1.1521718621802912,
  "avg_timesteps": 21.4,
  "std_timesteps": 9.183681179135085,
  "message_action_consistency": 42.93398533007335,
  "total_llm_calls": 2140,
  "avg_latency_ms": 6150.219132383511,
  "std_latency_ms": 1564.527164819074,
  "min_latency_ms": 3751.607099955436,
  "max_latency_ms": 13619.474700011779,
  "total_tokens_in": 1013040,
  "avg_tokens_in": 473.38317757009344,
  "total_tokens_out": 429637,
  "avg_tokens_out": 200.76495327102805,
  "total_tokens": 1442677
}