{
  "model": "gemini-2.5-flash",
  "condition": "prompt_theory_of_mind",
  "philosophers": 5,
  "mode": "simultaneous",
  "communication": false,
  "episodes": 20,
  "runtime_seconds": 6965.792332,
  "timestamp": "2026-04-03T18:53:16.849223",
  "dpbench_version": "0.2.0",
  "num_episodes": 20,
  "deadlock_rate": 0.05,
  "deadlock_count": 1,
  "total_deadlock_events": 0,
  "avg_deadlock_events": 0.0,
  "avg_throughput": 0.5849999999999999,
  "std_throughput": 0.049972214501883154,
  "avg_fairness": 0.6225885792913656,
  "std_fairness": 0.11084439744059561,
  "avg_time_to_deadlock": 12.0,
  "avg_starvation_count": 0.15,
  "std_starvation_count": 0.3570714214271425,
  "avg_timesteps": 29.1,
  "std_timesteps": 3.9230090491866063,
  "total_llm_calls": 2910,
  "avg_latency_ms": 2392.732158487565,
  "std_latency_ms": 1827.419396676189,
  "min_latency_ms": 537.8397000022233,
  "max_latency_ms": 11373.981599928811,
  "total_tokens_in": 1115090,
  "avg_tokens_in": 383.192439862543,
  "total_tokens_out": 978826,
  "avg_tokens_out": 336.36632302405496,
  "total_tokens": 2093916
}