{
  "model": "grok-4.1",
  "condition": "sim5c",
  "model_id": "grok-4-1-fast-reasoning",
  "provider": "xai",
  "philosophers": 5,
  "mode": "simultaneous",
  "communication": true,
  "episodes": 20,
  "max_timesteps": 30,
  "seed": 42,
  "temperature": 0.7,
  "runtime_seconds": 7690.379943,
  "timestamp": "2026-01-27T04:31:39.150570",
  "num_episodes": 20,
  "deadlock_rate": 0.6,
  "deadlock_count": 12,
  "avg_throughput": 0.4379129284564067,
  "std_throughput": 0.2566111403372214,
  "avg_fairness": 0.7433280352688246,
  "std_fairness": 0.19019428880464834,
  "avg_time_to_deadlock": 11.166666666666666,
  "avg_starvation_count": 1.55,
  "std_starvation_count": 2.060946384552495,
  "avg_timesteps": 18.7,
  "std_timesteps": 11.920989891783316,
  "message_action_consistency": 43.910614525139664,
  "total_llm_calls": 1870,
  "avg_latency_ms": 12039.23849973284,
  "std_latency_ms": 8164.062093907345,
  "min_latency_ms": 2732.67209995538,
  "max_latency_ms": 79357.87450004136,
  "total_tokens_in": 1025809,
  "avg_tokens_in": 548.5609625668449,
  "total_tokens_out": 124033,
  "avg_tokens_out": 66.32780748663102,
  "total_tokens": 1149842
}