{
  "model": "gemini-2.5-flash",
  "condition": "sim_n5_nocomm",
  "philosophers": 5,
  "mode": "simultaneous",
  "communication": false,
  "episodes": 30,
  "runtime_seconds": 1698.692512,
  "timestamp": "2026-03-30T10:05:00.264957",
  "dpbench_version": "0.2.0",
  "num_episodes": 30,
  "deadlock_rate": 0.9,
  "deadlock_count": 27,
  "total_deadlock_events": 0,
  "avg_deadlock_events": 0.0,
  "avg_throughput": 0.14587757708447363,
  "std_throughput": 0.23276832505957362,
  "avg_fairness": 0.8296785161432995,
  "std_fairness": 0.2846794752431169,
  "avg_time_to_deadlock": 4.111111111111111,
  "avg_starvation_count": 3.966666666666667,
  "std_starvation_count": 1.7413277182145301,
  "avg_timesteps": 6.7,
  "std_timesteps": 10.652542732449687,
  "total_llm_calls": 1005,
  "avg_latency_ms": 1687.5119103482502,
  "std_latency_ms": 1625.2152992248955,
  "min_latency_ms": 590.1034999988042,
  "max_latency_ms": 14437.627299979795,
  "total_tokens_in": 305729,
  "avg_tokens_in": 304.20796019900496,
  "total_tokens_out": 61067,
  "avg_tokens_out": 60.76318407960199,
  "total_tokens": 366796
}