{
  "model": "gemini-2.5-flash",
  "condition": "comm_rounds_3",
  "philosophers": 5,
  "mode": "simultaneous",
  "communication": true,
  "episodes": 20,
  "runtime_seconds": 13397.003477,
  "timestamp": "2026-04-07T13:27:56.375684",
  "dpbench_version": "0.2.0",
  "num_episodes": 20,
  "deadlock_rate": 0.0,
  "deadlock_count": 0,
  "total_deadlock_events": 0,
  "avg_deadlock_events": 0.0,
  "avg_throughput": 0.5566666666666666,
  "std_throughput": 0.05487359211051441,
  "avg_fairness": 0.6919276131505233,
  "std_fairness": 0.12275742833632336,
  "avg_time_to_deadlock": null,
  "avg_starvation_count": 0.25,
  "std_starvation_count": 0.5361902647381804,
  "avg_timesteps": 30.0,
  "std_timesteps": 0.0,
  "message_action_consistency": 76.22576966932725,
  "total_llm_calls": 3000,
  "avg_latency_ms": 2567.999020833173,
  "std_latency_ms": 19042.41762674778,
  "min_latency_ms": 614.5288000116125,
  "max_latency_ms": 602983.8614000473,
  "total_tokens_in": 1348359,
  "avg_tokens_in": 449.453,
  "total_tokens_out": 456124,
  "avg_tokens_out": 152.04133333333334,
  "total_tokens": 1804483
}