{
  "model": "random",
  "condition": "sim_n5_nocomm",
  "philosophers": 5,
  "mode": "simultaneous",
  "communication": false,
  "episodes": 30,
  "runtime_seconds": 3.243339,
  "timestamp": "2026-03-30T10:01:09.057001",
  "dpbench_version": "0.2.0",
  "num_episodes": 30,
  "deadlock_rate": 0.13333333333333333,
  "deadlock_count": 4,
  "total_deadlock_events": 0,
  "avg_deadlock_events": 0.0,
  "avg_throughput": 0.3033028083028083,
  "std_throughput": 0.07912902554008124,
  "avg_fairness": 0.567927859177859,
  "std_fairness": 0.1807158354310125,
  "avg_time_to_deadlock": 14.25,
  "avg_starvation_count": 0.8333333333333334,
  "std_starvation_count": 0.93392838174146,
  "avg_timesteps": 27.9,
  "std_timesteps": 5.515735067362583,
  "total_llm_calls": 4185,
  "avg_latency_ms": 0.002573811600158345,
  "std_latency_ms": 0.0028843089822150362,
  "min_latency_ms": 0.0009999785106629133,
  "max_latency_ms": 0.09019998833537102
}