{
  "model": "grok-4.1",
  "condition": "sim5nc",
  "model_id": "grok-4-1-fast-reasoning",
  "provider": "xai",
  "philosophers": 5,
  "mode": "simultaneous",
  "communication": false,
  "episodes": 20,
  "max_timesteps": 30,
  "seed": 42,
  "temperature": 0.7,
  "runtime_seconds": 6090.909432,
  "timestamp": "2026-01-27T02:50:08.219147",
  "num_episodes": 20,
  "deadlock_rate": 0.7,
  "deadlock_count": 14,
  "avg_throughput": 0.4365423367286406,
  "std_throughput": 0.17091592549431137,
  "avg_fairness": 0.5781586318738021,
  "std_fairness": 0.26672973560730195,
  "avg_time_to_deadlock": 14.214285714285714,
  "avg_starvation_count": 1.45,
  "std_starvation_count": 1.7168284713389397,
  "avg_timesteps": 18.95,
  "std_timesteps": 10.67461943115538,
  "total_llm_calls": 1895,
  "avg_latency_ms": 9234.61743741346,
  "std_latency_ms": 5503.8671984024395,
  "min_latency_ms": 1269.0998000325635,
  "max_latency_ms": 40280.88899998693,
  "total_tokens_in": 832388,
  "avg_tokens_in": 439.25488126649077,
  "total_tokens_out": 92152,
  "avg_tokens_out": 48.62902374670185,
  "total_tokens": 924540
}