{
  "model": "gemini-2.5-flash",
  "condition": "memory_5",
  "philosophers": 5,
  "mode": "simultaneous",
  "communication": false,
  "episodes": 20,
  "runtime_seconds": 1061.342164,
  "timestamp": "2026-04-06T20:12:11.802636",
  "dpbench_version": "0.2.0",
  "num_episodes": 20,
  "deadlock_rate": 0.9,
  "deadlock_count": 18,
  "total_deadlock_events": 0,
  "avg_deadlock_events": 0.0,
  "avg_throughput": 0.2722219085262564,
  "std_throughput": 0.27740953541107816,
  "avg_fairness": 0.7555608974358974,
  "std_fairness": 0.278938281918377,
  "avg_time_to_deadlock": 7.944444444444445,
  "avg_starvation_count": 3.15,
  "std_starvation_count": 1.956399754651385,
  "avg_timesteps": 10.15,
  "std_timesteps": 10.446410866895866,
  "total_llm_calls": 1015,
  "avg_latency_ms": 1044.140137338052,
  "std_latency_ms": 853.0797174759739,
  "min_latency_ms": 470.56559997145087,
  "max_latency_ms": 18012.686499976553,
  "total_tokens_in": 581775,
  "avg_tokens_in": 573.1773399014778,
  "total_tokens_out": 64646,
  "avg_tokens_out": 63.69064039408867,
  "total_tokens": 646421
}