model,condition,mode,communication,philosophers,episodes,deadlock_rate,avg_throughput,avg_fairness,avg_time_to_deadlock,avg_starvation_count,total_deadlock_events,message_action_consistency,total_tokens,avg_latency_ms,runtime_seconds,dpbench_version
random,seq_n5_nocomm,sequential,False,5,30,0.0,0.04777777777777779,0.42083333333333334,,3.6333333333333333,0,,,0.0045378228291539716,1.742213,0.2.0
random,sim_n10_nocomm,simultaneous,False,10,30,0.0,0.5911111111111111,0.6296820099136848,,1.1666666666666667,0,,,0.00276525553716864,5.856902,0.2.0
random,sim_n5_comm,simultaneous,True,5,30,0.06666666666666667,0.31922558922558936,0.6711328486328487,15.5,0.5666666666666667,0,,,0.003299379864831623,4.373844,0.2.0
random,sim_n5_nocomm,simultaneous,False,5,30,0.13333333333333333,0.3033028083028083,0.567927859177859,14.25,0.8333333333333334,0,,,0.002573811600158345,3.243339,0.2.0
